-- Seed file: reference table parity with prod
-- Generated from prod on 2026-04-22
-- Inserts only rows that don't already exist.

INSERT INTO public.value_types (name, base_type, constraints) VALUES ('array', 'array', '{}'::jsonb) ON CONFLICT (name) DO NOTHING;
INSERT INTO public.value_types (name, base_type, constraints) VALUES ('boolean', 'boolean', '{}'::jsonb) ON CONFLICT (name) DO NOTHING;
INSERT INTO public.value_types (name, base_type, constraints) VALUES ('inject-strategy', 'string', '[{"type": "enum", "values": ["bearer", "header", "supabase", "oauth2-refresh", "query-param", "key-prefix"]}]'::jsonb) ON CONFLICT (name) DO NOTHING;
INSERT INTO public.value_types (name, base_type, constraints) VALUES ('non-empty-string', 'string', '[{"min": 1, "type": "range"}]'::jsonb) ON CONFLICT (name) DO NOTHING;
INSERT INTO public.value_types (name, base_type, constraints) VALUES ('positive-integer', 'integer', '[{"min": 1, "type": "range"}]'::jsonb) ON CONFLICT (name) DO NOTHING;
INSERT INTO public.value_types (name, base_type, constraints) VALUES ('url', 'string', '[{"type": "regex", "pattern": "^https?://"}]'::jsonb) ON CONFLICT (name) DO NOTHING;
INSERT INTO public.value_types (name, base_type, constraints) VALUES ('uuid', 'string', '[{"type": "uuid"}]'::jsonb) ON CONFLICT (name) DO NOTHING;

INSERT INTO public.resource_types (name, description, finite, config_schema) VALUES ('access-code', 'Single-use invitation codes for user onboarding', false, NULL) ON CONFLICT (name) DO NOTHING;
INSERT INTO public.resource_types (name, description, finite, config_schema) VALUES ('agent', 'Autonomous agent that runs on a schedule, tracks a goal metric, and dispatches child agents', false, E'{"autonomous": "boolean — whether agent can dispatch child agents autonomously", "goal_metric": "string — metric key this agent writes to metric_snapshots", "target_value": "number — goal target for the metric", "prompt_segments": {"goal": "After completing your driver-discovery analysis, verify the #1 driver''s gap still exists before writing a goal. Check the artifact cited in your analysis against the live system — query the DB, read the file, or inspect the config. If the current state already reflects the fix, the driver is resolved — move to #2. Repeat down the stack. If all drivers are resolved, write COMPLETE without dispatching — a clean bill of health is a valid outcome.\\n\\nOnce you have confirmed a driver whose gap is still live, write a dispatchable goal file at docs/goals/{{goal_metric}}.md on your PR branch targeting that driver. The goal must:\\n\\n- Address only one driver (not a wishlist)\\n- Follow the 6-section format: Architecture, Prerequisites, Success Criteria, Metrics, Constraints, Post-Loop Action\\n- Contain >=3 mechanically verifiable success criteria (bash/psql/grep/gh commands that exit non-zero on failure)\\n- Include >=1 non-regression criterion and >=1 negative test\\n- Contain zero implementation steps — success criteria and verification methods only\\n- Include a mermaid architecture diagram\\n- Every criterion must produce observable evidence in the real system\\n\\nBefore writing criteria, read the ## Verification section from the CLAUDE.md of every package/service in the goals blast radius. Use those proof patterns as your floor, not your ceiling.", "dispatch": "MANDATORY BEFORE COMPLETE: You must run oversight and dispatch the goal before writing COMPLETE. Writing the goal file is NOT the end — dispatch is.\\n\\nStep A — Oversight: Run 3 independent oversight reviews against your goal file using skills/oversight/references/driver-discovery.md as the rubric. Each review must score >=8.5/10 with 0 blocking findings. Fix issues and re-review until all 3 pass. If after 3 revision rounds it still fails, log the blocking findings in your driver-analysis document and move on WITHOUT dispatching.\\n\\nStep B — Dispatch (only if oversight passes):\\nRun: npx duoidal execute docs/goals/{{goal_metric}}.md --agent {{agent_name}} --epochs 10\\n\\nYou are NOT complete until dispatch succeeds and prints a tmux session name.", "autonomous": "You are operating in fully autonomous mode. You may dispatch child agents to investigate, fix, and verify issues without human approval. You must: (1) identify root causes before dispatching fixers, (2) dispatch verifiers after fixers complete, (3) open a draft PR only after verifier passes. Never open a non-draft PR. Never merge without human review. Log all decisions with [autonomous] prefix for audit trail.", "infrastructure": "You are running inside the runtime-runtime-1 Docker container on the dispatch host. You have direct access to psql, tmux, curl, and npx from inside the container — no SSH needed for those. For host-level operations (outside Docker), SSH is available via the OPENCLAW_HOST and OPENCLAW_SSH_KEY env vars.", "driver_discovery": "After recording your metric, run driver-discovery analysis to identify what is causing the metric to be where it is. Produce a structured analysis at docs/driver-analysis/{{goal_metric}}.md on your PR branch with these sections:\\n\\n1. **Hypothesis table** — rank candidate drivers by Impact * Evidence * Tractability. Each row: driver name, mechanism, artifact citation, scores, recommended experiment.\\n2. **Driver Landscape** — describe each driver with artifact citations (file:line, DB field config form, or config.content step form). Every claim must cite a real artifact.\\n3. **Why #1** — select the top driver. Explicitly reject each non-selected candidate BY NAME with evidence for why it ranks lower.\\n4. **Inception Level** — causal chain with >=3 WHY levels, ending at ROOT with CONFIDENCE and CONFIDENCE REASON.\\n5. **Categories Checked** — all 7 categories: computation source errors, input data quality, exclusion/filtering logic, dispatch/infrastructure failures, prompt/goal specification, external dependencies, reference constants/calibration values.\\n\\nCitation rules: cite every claim via source code path:line, DB field, or config.content step. SQL fragments and fabricated citations are auto-rejected. Always git show to verify commit messages and file contents before citing them."}, "target_direction": "minimize | maximize", "system_prompt_prefix": "You are a goal-driven autonomous agent operating in a continuous improvement loop. Each epoch you receive current metric values and work toward your target. You have access to the database, git, and deployment tools. Preserve all learnings in workspace/state.json between epochs. Always measure before changing, hypothesize, change, then verify. Record all results in workspace/results/ for audit. Your memory lives in workspace/ — read it first every epoch. When dispatching child agents, set parent_campaign_id to your process id so the hierarchy is traceable.", "max_dispatches_per_day": "number — daily cap on dispatches"}'::jsonb) ON CONFLICT (name) DO NOTHING;
INSERT INTO public.resource_types (name, description, finite, config_schema) VALUES ('app', 'Platform applications that own identities (e.g. Meta app, Google project)', true, NULL) ON CONFLICT (name) DO NOTHING;
INSERT INTO public.resource_types (name, description, finite, config_schema) VALUES ('bucket', 'Object storage buckets (R2, S3, Hetzner Object Storage)', false, NULL) ON CONFLICT (name) DO NOTHING;
INSERT INTO public.resource_types (name, description, finite, config_schema) VALUES ('config', 'Arbitrary configuration objects — freeform key/value stores', false, NULL) ON CONFLICT (name) DO NOTHING;
INSERT INTO public.resource_types (name, description, finite, config_schema) VALUES ('credential', 'Secrets and tokens that grant access to other resources', true, NULL) ON CONFLICT (name) DO NOTHING;
INSERT INTO public.resource_types (name, description, finite, config_schema) VALUES ('cron', 'Scheduled execution triggers linked to goal resources', false, '{"prompt": {"type": "string"}, "enabled": {"type": "boolean"}, "schedule": {"type": "string"}}'::jsonb) ON CONFLICT (name) DO NOTHING;
INSERT INTO public.resource_types (name, description, finite, config_schema) VALUES ('data', 'Storage assets agents operate on — files, datasets, media', false, NULL) ON CONFLICT (name) DO NOTHING;
INSERT INTO public.resource_types (name, description, finite, config_schema) VALUES ('database', 'Managed database instances', true, NULL) ON CONFLICT (name) DO NOTHING;
INSERT INTO public.resource_types (name, description, finite, config_schema) VALUES ('deployment', 'Running service instances (Cloudflare Workers, processes)', false, NULL) ON CONFLICT (name) DO NOTHING;
INSERT INTO public.resource_types (name, description, finite, config_schema) VALUES ('flow', 'A multi-step user or system flow through packages and services', false, NULL) ON CONFLICT (name) DO NOTHING;
INSERT INTO public.resource_types (name, description, finite, config_schema) VALUES ('identity', 'Platform accounts and handles agents act as', true, NULL) ON CONFLICT (name) DO NOTHING;
INSERT INTO public.resource_types (name, description, finite, config_schema) VALUES ('package', 'NPM package or library within the workspace', false, NULL) ON CONFLICT (name) DO NOTHING;
INSERT INTO public.resource_types (name, description, finite, config_schema) VALUES ('project', 'Default project workspace for a user', false, NULL) ON CONFLICT (name) DO NOTHING;
INSERT INTO public.resource_types (name, description, finite, config_schema) VALUES ('proxy', 'Egress IP addresses agents route outbound calls through', true, NULL) ON CONFLICT (name) DO NOTHING;
INSERT INTO public.resource_types (name, description, finite, config_schema) VALUES ('repository', 'Git repository hosting packages and services', false, NULL) ON CONFLICT (name) DO NOTHING;
INSERT INTO public.resource_types (name, description, finite, config_schema) VALUES ('runtime', 'A runtime environment', false, NULL) ON CONFLICT (name) DO NOTHING;
INSERT INTO public.resource_types (name, description, finite, config_schema) VALUES ('server', 'Physical or virtual compute nodes (VPS, bare metal)', true, NULL) ON CONFLICT (name) DO NOTHING;
INSERT INTO public.resource_types (name, description, finite, config_schema) VALUES ('service', 'Deployed HTTP service or process', false, NULL) ON CONFLICT (name) DO NOTHING;
INSERT INTO public.resource_types (name, description, finite, config_schema) VALUES ('skill', 'Agent capabilities installable from version-controlled references', false, NULL) ON CONFLICT (name) DO NOTHING;
INSERT INTO public.resource_types (name, description, finite, config_schema) VALUES ('url', 'External endpoints agents call — APIs, webhooks, services', false, NULL) ON CONFLICT (name) DO NOTHING;
INSERT INTO public.resource_types (name, description, finite, config_schema) VALUES ('user', 'Human user account linked to a Supabase auth identity', true, NULL) ON CONFLICT (name) DO NOTHING;

INSERT INTO public.link_types (name, description, cardinality) VALUES ('accesses', 'A credential grants access to a specific resource (e.g., SSH key → server)', 'many-to-many') ON CONFLICT (name) DO NOTHING;
INSERT INTO public.link_types (name, description, cardinality) VALUES ('credential', 'Resource authenticates via this credential', 'many-to-one') ON CONFLICT (name) DO NOTHING;
INSERT INTO public.link_types (name, description, cardinality) VALUES ('dependsOn', 'This resource cannot start or proceed until the target resource is complete', 'many-to-many') ON CONFLICT (name) DO NOTHING;
INSERT INTO public.link_types (name, description, cardinality) VALUES ('github_app', 'User resource linked to GitHub App installation credential', 'many-to-one') ON CONFLICT (name) DO NOTHING;
INSERT INTO public.link_types (name, description, cardinality) VALUES ('grants', 'App grants platform permissions or access to this identity', 'many-to-many') ON CONFLICT (name) DO NOTHING;
INSERT INTO public.link_types (name, description, cardinality) VALUES ('grants_ontology_authority', 'Grants ontology authority to another resource type', 'many-to-many') ON CONFLICT (name) DO NOTHING;
INSERT INTO public.link_types (name, description, cardinality) VALUES ('hostedOn', 'Resource is hosted on or runs within this infrastructure node', 'many-to-one') ON CONFLICT (name) DO NOTHING;
INSERT INTO public.link_types (name, description, cardinality) VALUES ('member_of', 'User is a member of this project', 'many-to-many') ON CONFLICT (name) DO NOTHING;
INSERT INTO public.link_types (name, description, cardinality) VALUES ('parent', '[DEPRECATED: use hostedOn, partOf, or dependsOn] Resource belongs to a parent resource', 'many-to-one') ON CONFLICT (name) DO NOTHING;
INSERT INTO public.link_types (name, description, cardinality) VALUES ('partOf', 'Resource is a component or sub-resource of this parent application', 'many-to-one') ON CONFLICT (name) DO NOTHING;
INSERT INTO public.link_types (name, description, cardinality) VALUES ('proxy', 'Resource egresses through this proxy', 'many-to-one') ON CONFLICT (name) DO NOTHING;
INSERT INTO public.link_types (name, description, cardinality) VALUES ('redeemed_by', 'Access code was redeemed by this user resource', 'many-to-one') ON CONFLICT (name) DO NOTHING;
INSERT INTO public.link_types (name, description, cardinality) VALUES ('registeredWith', 'Resource was registered/created using this identity and is recoverable through it', 'many-to-one') ON CONFLICT (name) DO NOTHING;
INSERT INTO public.link_types (name, description, cardinality) VALUES ('runs', 'Agent or user is running/executing this skill', 'many-to-many') ON CONFLICT (name) DO NOTHING;
INSERT INTO public.link_types (name, description, cardinality) VALUES ('runsAs', 'Deployment authenticates and runs as this identity', 'many-to-one') ON CONFLICT (name) DO NOTHING;
INSERT INTO public.link_types (name, description, cardinality) VALUES ('schedules', 'Cron resource schedules execution of a goal resource', 'many-to-one') ON CONFLICT (name) DO NOTHING;
INSERT INTO public.link_types (name, description, cardinality) VALUES ('traverses', 'User flow traverses this package or service', 'many-to-many') ON CONFLICT (name) DO NOTHING;

INSERT INTO public.link_type_rules (link_type, from_type, to_type, min_count, max_count) VALUES ('accesses', 'credential', 'server', 0, NULL) ON CONFLICT (link_type, from_type, to_type) DO NOTHING;
INSERT INTO public.link_type_rules (link_type, from_type, to_type, min_count, max_count) VALUES ('credential', 'identity', 'credential', 1, 1) ON CONFLICT (link_type, from_type, to_type) DO NOTHING;
INSERT INTO public.link_type_rules (link_type, from_type, to_type, min_count, max_count) VALUES ('credential', 'server', 'credential', 0, NULL) ON CONFLICT (link_type, from_type, to_type) DO NOTHING;
INSERT INTO public.link_type_rules (link_type, from_type, to_type, min_count, max_count) VALUES ('dependsOn', 'package', 'package', 0, NULL) ON CONFLICT (link_type, from_type, to_type) DO NOTHING;
INSERT INTO public.link_type_rules (link_type, from_type, to_type, min_count, max_count) VALUES ('dependsOn', 'service', 'package', 0, NULL) ON CONFLICT (link_type, from_type, to_type) DO NOTHING;
INSERT INTO public.link_type_rules (link_type, from_type, to_type, min_count, max_count) VALUES ('dependsOn', 'service', 'service', 0, NULL) ON CONFLICT (link_type, from_type, to_type) DO NOTHING;
INSERT INTO public.link_type_rules (link_type, from_type, to_type, min_count, max_count) VALUES ('grants', 'app', 'identity', 0, NULL) ON CONFLICT (link_type, from_type, to_type) DO NOTHING;
INSERT INTO public.link_type_rules (link_type, from_type, to_type, min_count, max_count) VALUES ('grants_ontology_authority', 'agent', NULL, 0, NULL) ON CONFLICT (link_type, from_type, to_type) DO NOTHING;
INSERT INTO public.link_type_rules (link_type, from_type, to_type, min_count, max_count) VALUES ('hostedOn', 'package', 'repository', 0, NULL) ON CONFLICT (link_type, from_type, to_type) DO NOTHING;
INSERT INTO public.link_type_rules (link_type, from_type, to_type, min_count, max_count) VALUES ('hostedOn', 'runtime', 'server', 0, NULL) ON CONFLICT (link_type, from_type, to_type) DO NOTHING;
INSERT INTO public.link_type_rules (link_type, from_type, to_type, min_count, max_count) VALUES ('hostedOn', 'service', 'repository', 0, NULL) ON CONFLICT (link_type, from_type, to_type) DO NOTHING;

INSERT INTO public.link_type_rules (link_type, from_type, to_type, min_count, max_count) VALUES ('member_of', 'user', 'project', 0, NULL) ON CONFLICT (link_type, from_type, to_type) DO NOTHING;
INSERT INTO public.link_type_rules (link_type, from_type, to_type, min_count, max_count) VALUES ('parent', 'agent', 'agent', 0, NULL) ON CONFLICT (link_type, from_type, to_type) DO NOTHING;
INSERT INTO public.link_type_rules (link_type, from_type, to_type, min_count, max_count) VALUES ('parent', 'bucket', 'app', 0, NULL) ON CONFLICT (link_type, from_type, to_type) DO NOTHING;
INSERT INTO public.link_type_rules (link_type, from_type, to_type, min_count, max_count) VALUES ('parent', 'config', 'config', 0, NULL) ON CONFLICT (link_type, from_type, to_type) DO NOTHING;
INSERT INTO public.link_type_rules (link_type, from_type, to_type, min_count, max_count) VALUES ('parent', 'database', 'app', 0, NULL) ON CONFLICT (link_type, from_type, to_type) DO NOTHING;
INSERT INTO public.link_type_rules (link_type, from_type, to_type, min_count, max_count) VALUES ('parent', 'deployment', 'app', 0, NULL) ON CONFLICT (link_type, from_type, to_type) DO NOTHING;
INSERT INTO public.link_type_rules (link_type, from_type, to_type, min_count, max_count) VALUES ('parent', 'deployment', 'server', 0, NULL) ON CONFLICT (link_type, from_type, to_type) DO NOTHING;
INSERT INTO public.link_type_rules (link_type, from_type, to_type, min_count, max_count) VALUES ('parent', 'identity', 'app', 0, NULL) ON CONFLICT (link_type, from_type, to_type) DO NOTHING;
INSERT INTO public.link_type_rules (link_type, from_type, to_type, min_count, max_count) VALUES ('parent', 'identity', 'identity', 0, NULL) ON CONFLICT (link_type, from_type, to_type) DO NOTHING;
INSERT INTO public.link_type_rules (link_type, from_type, to_type, min_count, max_count) VALUES ('parent', 'server', 'app', 0, NULL) ON CONFLICT (link_type, from_type, to_type) DO NOTHING;
INSERT INTO public.link_type_rules (link_type, from_type, to_type, min_count, max_count) VALUES ('parent', 'server', 'user', 0, 1) ON CONFLICT (link_type, from_type, to_type) DO NOTHING;
INSERT INTO public.link_type_rules (link_type, from_type, to_type, min_count, max_count) VALUES ('parent', 'skill', 'project', 0, NULL) ON CONFLICT (link_type, from_type, to_type) DO NOTHING;
INSERT INTO public.link_type_rules (link_type, from_type, to_type, min_count, max_count) VALUES ('parent', 'skill', 'skill', 0, NULL) ON CONFLICT (link_type, from_type, to_type) DO NOTHING;
INSERT INTO public.link_type_rules (link_type, from_type, to_type, min_count, max_count) VALUES ('parent', 'user', 'agent', 0, NULL) ON CONFLICT (link_type, from_type, to_type) DO NOTHING;


INSERT INTO public.link_type_rules (link_type, from_type, to_type, min_count, max_count) VALUES ('proxy', 'identity', 'proxy', 0, 1) ON CONFLICT (link_type, from_type, to_type) DO NOTHING;
INSERT INTO public.link_type_rules (link_type, from_type, to_type, min_count, max_count) VALUES ('redeemed_by', 'user', 'access-code', 0, NULL) ON CONFLICT (link_type, from_type, to_type) DO NOTHING;
INSERT INTO public.link_type_rules (link_type, from_type, to_type, min_count, max_count) VALUES ('registeredWith', 'app', 'app', 0, NULL) ON CONFLICT (link_type, from_type, to_type) DO NOTHING;
INSERT INTO public.link_type_rules (link_type, from_type, to_type, min_count, max_count) VALUES ('registeredWith', 'app', 'identity', 0, NULL) ON CONFLICT (link_type, from_type, to_type) DO NOTHING;
INSERT INTO public.link_type_rules (link_type, from_type, to_type, min_count, max_count) VALUES ('registeredWith', 'identity', 'identity', 0, NULL) ON CONFLICT (link_type, from_type, to_type) DO NOTHING;
INSERT INTO public.link_type_rules (link_type, from_type, to_type, min_count, max_count) VALUES ('registeredWith', 'proxy', 'identity', 0, NULL) ON CONFLICT (link_type, from_type, to_type) DO NOTHING;
INSERT INTO public.link_type_rules (link_type, from_type, to_type, min_count, max_count) VALUES ('runs', 'agent', 'skill', 0, NULL) ON CONFLICT (link_type, from_type, to_type) DO NOTHING;
INSERT INTO public.link_type_rules (link_type, from_type, to_type, min_count, max_count) VALUES ('runs', 'user', 'skill', 0, NULL) ON CONFLICT (link_type, from_type, to_type) DO NOTHING;
INSERT INTO public.link_type_rules (link_type, from_type, to_type, min_count, max_count) VALUES ('runsAs', 'deployment', 'identity', 0, NULL) ON CONFLICT (link_type, from_type, to_type) DO NOTHING;
INSERT INTO public.link_type_rules (link_type, from_type, to_type, min_count, max_count) VALUES ('schedules', 'cron', 'agent', 0, NULL) ON CONFLICT (link_type, from_type, to_type) DO NOTHING;
INSERT INTO public.link_type_rules (link_type, from_type, to_type, min_count, max_count) VALUES ('schedules', 'cron', 'skill', 0, 1) ON CONFLICT (link_type, from_type, to_type) DO NOTHING;
INSERT INTO public.link_type_rules (link_type, from_type, to_type, min_count, max_count) VALUES ('traverses', 'flow', 'package', 0, NULL) ON CONFLICT (link_type, from_type, to_type) DO NOTHING;
INSERT INTO public.link_type_rules (link_type, from_type, to_type, min_count, max_count) VALUES ('traverses', 'flow', 'service', 0, NULL) ON CONFLICT (link_type, from_type, to_type) DO NOTHING;
INSERT INTO public.link_type_rules (link_type, from_type, to_type, min_count, max_count) VALUES ('traverses', 'package', 'flow', 0, NULL) ON CONFLICT (link_type, from_type, to_type) DO NOTHING;
INSERT INTO public.link_type_rules (link_type, from_type, to_type, min_count, max_count) VALUES ('traverses', 'service', 'flow', 0, NULL) ON CONFLICT (link_type, from_type, to_type) DO NOTHING;
INSERT INTO public.link_type_rules (link_type, from_type, to_type, min_count, max_count) VALUES ('traverses', 'skill', 'package', 0, NULL) ON CONFLICT (link_type, from_type, to_type) DO NOTHING;
INSERT INTO public.link_type_rules (link_type, from_type, to_type, min_count, max_count) VALUES ('traverses', 'skill', 'service', 0, NULL) ON CONFLICT (link_type, from_type, to_type) DO NOTHING;

INSERT INTO public.resource_type_properties (resource_type, field_name, value_type_id, required) SELECT 'agent', 'autonomous', NULL, false WHERE NOT EXISTS (SELECT 1 FROM public.resource_type_properties WHERE resource_type = 'agent' AND field_name = 'autonomous');
INSERT INTO public.resource_type_properties (resource_type, field_name, value_type_id, required) SELECT 'agent', 'content', NULL, true WHERE NOT EXISTS (SELECT 1 FROM public.resource_type_properties WHERE resource_type = 'agent' AND field_name = 'content');
INSERT INTO public.resource_type_properties (resource_type, field_name, value_type_id, required) SELECT 'agent', 'epochs', NULL, false WHERE NOT EXISTS (SELECT 1 FROM public.resource_type_properties WHERE resource_type = 'agent' AND field_name = 'epochs');
INSERT INTO public.resource_type_properties (resource_type, field_name, value_type_id, required) SELECT 'agent', 'formula', NULL, false WHERE NOT EXISTS (SELECT 1 FROM public.resource_type_properties WHERE resource_type = 'agent' AND field_name = 'formula');
INSERT INTO public.resource_type_properties (resource_type, field_name, value_type_id, required) SELECT 'agent', 'git', NULL, false WHERE NOT EXISTS (SELECT 1 FROM public.resource_type_properties WHERE resource_type = 'agent' AND field_name = 'git');
INSERT INTO public.resource_type_properties (resource_type, field_name, value_type_id, required) SELECT 'agent', 'goal_metric', NULL, false WHERE NOT EXISTS (SELECT 1 FROM public.resource_type_properties WHERE resource_type = 'agent' AND field_name = 'goal_metric');
INSERT INTO public.resource_type_properties (resource_type, field_name, value_type_id, required) SELECT 'agent', 'max_dispatches_per_day', NULL, false WHERE NOT EXISTS (SELECT 1 FROM public.resource_type_properties WHERE resource_type = 'agent' AND field_name = 'max_dispatches_per_day');
INSERT INTO public.resource_type_properties (resource_type, field_name, value_type_id, required) SELECT 'agent', 'metric', NULL, false WHERE NOT EXISTS (SELECT 1 FROM public.resource_type_properties WHERE resource_type = 'agent' AND field_name = 'metric');
INSERT INTO public.resource_type_properties (resource_type, field_name, value_type_id, required) SELECT 'agent', 'pr', NULL, false WHERE NOT EXISTS (SELECT 1 FROM public.resource_type_properties WHERE resource_type = 'agent' AND field_name = 'pr');
INSERT INTO public.resource_type_properties (resource_type, field_name, value_type_id, required) SELECT 'agent', 'target_direction', NULL, false WHERE NOT EXISTS (SELECT 1 FROM public.resource_type_properties WHERE resource_type = 'agent' AND field_name = 'target_direction');
INSERT INTO public.resource_type_properties (resource_type, field_name, value_type_id, required) SELECT 'agent', 'target_value', NULL, false WHERE NOT EXISTS (SELECT 1 FROM public.resource_type_properties WHERE resource_type = 'agent' AND field_name = 'target_value');
INSERT INTO public.resource_type_properties (resource_type, field_name, value_type_id, required) SELECT 'agent', 'worktree', NULL, false WHERE NOT EXISTS (SELECT 1 FROM public.resource_type_properties WHERE resource_type = 'agent' AND field_name = 'worktree');
INSERT INTO public.resource_type_properties (resource_type, field_name, value_type_id, required) SELECT 'credential', 'dopplerProject', (SELECT id FROM public.value_types WHERE name = 'non-empty-string'), true WHERE NOT EXISTS (SELECT 1 FROM public.resource_type_properties WHERE resource_type = 'credential' AND field_name = 'dopplerProject');
INSERT INTO public.resource_type_properties (resource_type, field_name, value_type_id, required) SELECT 'credential', 'installation_id', (SELECT id FROM public.value_types WHERE name = 'non-empty-string'), true WHERE NOT EXISTS (SELECT 1 FROM public.resource_type_properties WHERE resource_type = 'credential' AND field_name = 'installation_id');
INSERT INTO public.resource_type_properties (resource_type, field_name, value_type_id, required) SELECT 'credential', 'private_key_vault_id', NULL, true WHERE NOT EXISTS (SELECT 1 FROM public.resource_type_properties WHERE resource_type = 'credential' AND field_name = 'private_key_vault_id');
INSERT INTO public.resource_type_properties (resource_type, field_name, value_type_id, required) SELECT 'credential', 'provider', NULL, false WHERE NOT EXISTS (SELECT 1 FROM public.resource_type_properties WHERE resource_type = 'credential' AND field_name = 'provider');
INSERT INTO public.resource_type_properties (resource_type, field_name, value_type_id, required) SELECT 'credential', 'public_key_vault_id', NULL, true WHERE NOT EXISTS (SELECT 1 FROM public.resource_type_properties WHERE resource_type = 'credential' AND field_name = 'public_key_vault_id');
INSERT INTO public.resource_type_properties (resource_type, field_name, value_type_id, required) SELECT 'credential', 'token_vault_id', (SELECT id FROM public.value_types WHERE name = 'uuid'), false WHERE NOT EXISTS (SELECT 1 FROM public.resource_type_properties WHERE resource_type = 'credential' AND field_name = 'token_vault_id');
INSERT INTO public.resource_type_properties (resource_type, field_name, value_type_id, required) SELECT 'cron', 'enabled', NULL, false WHERE NOT EXISTS (SELECT 1 FROM public.resource_type_properties WHERE resource_type = 'cron' AND field_name = 'enabled');
INSERT INTO public.resource_type_properties (resource_type, field_name, value_type_id, required) SELECT 'cron', 'schedule', NULL, true WHERE NOT EXISTS (SELECT 1 FROM public.resource_type_properties WHERE resource_type = 'cron' AND field_name = 'schedule');
INSERT INTO public.resource_type_properties (resource_type, field_name, value_type_id, required) SELECT 'identity', 'handle', (SELECT id FROM public.value_types WHERE name = 'non-empty-string'), true WHERE NOT EXISTS (SELECT 1 FROM public.resource_type_properties WHERE resource_type = 'identity' AND field_name = 'handle');
INSERT INTO public.resource_type_properties (resource_type, field_name, value_type_id, required) SELECT 'identity', 'platform', NULL, false WHERE NOT EXISTS (SELECT 1 FROM public.resource_type_properties WHERE resource_type = 'identity' AND field_name = 'platform');
INSERT INTO public.resource_type_properties (resource_type, field_name, value_type_id, required) SELECT 'proxy', 'url', (SELECT id FROM public.value_types WHERE name = 'url'), true WHERE NOT EXISTS (SELECT 1 FROM public.resource_type_properties WHERE resource_type = 'proxy' AND field_name = 'url');
INSERT INTO public.resource_type_properties (resource_type, field_name, value_type_id, required) SELECT 'server', 'ip', (SELECT id FROM public.value_types WHERE name = 'non-empty-string'), true WHERE NOT EXISTS (SELECT 1 FROM public.resource_type_properties WHERE resource_type = 'server' AND field_name = 'ip');
INSERT INTO public.resource_type_properties (resource_type, field_name, value_type_id, required) SELECT 'server', 'setupComplete', (SELECT id FROM public.value_types WHERE name = 'boolean'), false WHERE NOT EXISTS (SELECT 1 FROM public.resource_type_properties WHERE resource_type = 'server' AND field_name = 'setupComplete');
INSERT INTO public.resource_type_properties (resource_type, field_name, value_type_id, required) SELECT 'server', 'status', (SELECT id FROM public.value_types WHERE name = 'non-empty-string'), false WHERE NOT EXISTS (SELECT 1 FROM public.resource_type_properties WHERE resource_type = 'server' AND field_name = 'status');
INSERT INTO public.resource_type_properties (resource_type, field_name, value_type_id, required) SELECT 'skill', 'content', NULL, true WHERE NOT EXISTS (SELECT 1 FROM public.resource_type_properties WHERE resource_type = 'skill' AND field_name = 'content');
INSERT INTO public.resource_type_properties (resource_type, field_name, value_type_id, required) SELECT 'user', 'description', NULL, false WHERE NOT EXISTS (SELECT 1 FROM public.resource_type_properties WHERE resource_type = 'user' AND field_name = 'description');
INSERT INTO public.resource_type_properties (resource_type, field_name, value_type_id, required) SELECT 'user', 'display_name', NULL, true WHERE NOT EXISTS (SELECT 1 FROM public.resource_type_properties WHERE resource_type = 'user' AND field_name = 'display_name');
INSERT INTO public.resource_type_properties (resource_type, field_name, value_type_id, required) SELECT 'user', 'repos', (SELECT id FROM public.value_types WHERE name = 'array'), false WHERE NOT EXISTS (SELECT 1 FROM public.resource_type_properties WHERE resource_type = 'user' AND field_name = 'repos');
INSERT INTO public.resource_type_properties (resource_type, field_name, value_type_id, required) SELECT 'user', 'status', NULL, false WHERE NOT EXISTS (SELECT 1 FROM public.resource_type_properties WHERE resource_type = 'user' AND field_name = 'status');

INSERT INTO public.action_types (name, rpc_function, description, input_schema, output_schema, param_mapping, result_mapping, sensitive_fields, validation_rules, schema_version) VALUES ('add_project_member', 'add_project_member', 'Adds a user as a member of a project', '{"type": "object", "$schema": "http://json-schema.org/draft-07/schema#", "required": ["userId", "projectId"], "properties": {"userId": {"type": "string", "format": "uuid"}, "projectId": {"type": "string", "format": "uuid"}}, "additionalProperties": false}'::jsonb, '{"type": "object", "required": ["created"], "properties": {"created": {"type": "boolean"}}}'::jsonb, '{"userId": "p_from_id", "projectId": "p_to_id"}'::jsonb, '{"created": "created"}'::jsonb, ARRAY[]::text[], 'null'::jsonb, '1') ON CONFLICT (name) DO NOTHING;
INSERT INTO public.action_types (name, rpc_function, description, input_schema, output_schema, param_mapping, result_mapping, sensitive_fields, validation_rules, schema_version) VALUES ('add_user_repo', 'add_user_repo', 'Appends a repository to the user config repos array (idempotent)', '{"type": "object", "$schema": "http://json-schema.org/draft-07/schema#", "required": ["userResourceId", "owner", "name"], "properties": {"name": {"type": "string", "description": "Repository name"}, "owner": {"type": "string", "description": "Repository owner"}, "default": {"type": "boolean", "description": "Whether this is the default repo"}, "userResourceId": {"type": "string", "format": "uuid", "description": "UUID of the user resource"}}, "additionalProperties": false}'::jsonb, '{"type": "object", "properties": {"userResourceId": {"type": "string", "format": "uuid"}}}'::jsonb, '{"name": "p_name", "owner": "p_owner", "default": "p_default", "userResourceId": "p_user_resource_id"}'::jsonb, '{"user_resource_id": "userResourceId"}'::jsonb, ARRAY[]::text[], NULL, '1') ON CONFLICT (name) DO NOTHING;
INSERT INTO public.action_types (name, rpc_function, description, input_schema, output_schema, param_mapping, result_mapping, sensitive_fields, validation_rules, schema_version) VALUES ('assign_credential', 'assign_credential', 'Assigns a credential resource to an identity resource (max 1)', '{"type": "object", "$schema": "http://json-schema.org/draft-07/schema#", "required": ["resourceId", "credentialId"], "properties": {"resourceId": {"type": "string", "format": "uuid"}, "credentialId": {"type": "string", "format": "uuid"}}, "additionalProperties": false}'::jsonb, '{"type": "object", "required": ["created"], "properties": {"created": {"type": "boolean"}}}'::jsonb, '{"resourceId": "p_from_id", "credentialId": "p_to_id"}'::jsonb, '{"created": "created"}'::jsonb, ARRAY[]::text[], 'null'::jsonb, '1') ON CONFLICT (name) DO NOTHING;
INSERT INTO public.action_types (name, rpc_function, description, input_schema, output_schema, param_mapping, result_mapping, sensitive_fields, validation_rules, schema_version) VALUES ('assign_parent', 'assign_parent', 'Creates a parent link between two resources (identity→app, server→app, etc.)', '{"type": "object", "$schema": "http://json-schema.org/draft-07/schema#", "required": ["fromId", "toId"], "properties": {"toId": {"type": "string", "format": "uuid"}, "fromId": {"type": "string", "format": "uuid"}}, "additionalProperties": false}'::jsonb, '{"type": "object", "required": ["created"], "properties": {"created": {"type": "boolean"}}}'::jsonb, '{"toId": "p_to_id", "fromId": "p_from_id"}'::jsonb, '{"created": "created"}'::jsonb, ARRAY[]::text[], NULL, '1') ON CONFLICT (name) DO NOTHING;
INSERT INTO public.action_types (name, rpc_function, description, input_schema, output_schema, param_mapping, result_mapping, sensitive_fields, validation_rules, schema_version) VALUES ('assign_proxy', 'assign_proxy', 'Assigns a proxy resource to an identity resource (max 1)', '{"type": "object", "$schema": "http://json-schema.org/draft-07/schema#", "required": ["resourceId", "proxyId"], "properties": {"proxyId": {"type": "string", "format": "uuid"}, "resourceId": {"type": "string", "format": "uuid"}}, "additionalProperties": false}'::jsonb, '{"type": "object", "required": ["created"], "properties": {"created": {"type": "boolean"}}}'::jsonb, '{"proxyId": "p_to_id", "resourceId": "p_from_id"}'::jsonb, '{"created": "created"}'::jsonb, ARRAY[]::text[], 'null'::jsonb, '1') ON CONFLICT (name) DO NOTHING;
INSERT INTO public.action_types (name, rpc_function, description, input_schema, output_schema, param_mapping, result_mapping, sensitive_fields, validation_rules, schema_version) VALUES ('create_access_code', 'create_access_code', 'Creates a new access code for user onboarding. Auto-generates an 8-char hex code if none provided.', '{"type": "object", "$schema": "http://json-schema.org/draft-07/schema#", "properties": {"code": {"type": "string", "pattern": "^[A-Za-z0-9_-]{4,32}$"}, "config": {"type": "object"}}, "additionalProperties": false}'::jsonb, '{"type": "object", "required": ["accessCodeId", "code"], "properties": {"code": {"type": "string"}, "accessCodeId": {"type": "string"}}}'::jsonb, '{"code": "p_code", "config": "p_config"}'::jsonb, '{"code": "code", "access_code_id": "accessCodeId"}'::jsonb, ARRAY[]::text[], 'null'::jsonb, '1') ON CONFLICT (name) DO NOTHING;
INSERT INTO public.action_types (name, rpc_function, description, input_schema, output_schema, param_mapping, result_mapping, sensitive_fields, validation_rules, schema_version) VALUES ('create_agent', 'create_agent', 'Creates a new agent resource with property-system defaults, linked to a project', '{"type": "object", "$schema": "http://json-schema.org/draft-07/schema#", "required": ["name", "projectId"], "properties": {"name": {"type": "string"}, "config": {"type": "object"}, "projectId": {"type": "string", "format": "uuid"}}, "additionalProperties": false}'::jsonb, '{"type": "object", "required": ["agentResourceId"], "properties": {"agentResourceId": {"type": "string"}}}'::jsonb, '{"name": "p_name", "config": "p_config", "projectId": "p_project_id"}'::jsonb, '{"agent_resource_id": "agentResourceId"}'::jsonb, ARRAY[]::text[], 'null'::jsonb, '1') ON CONFLICT (name) DO NOTHING;
INSERT INTO public.action_types (name, rpc_function, description, input_schema, output_schema, param_mapping, result_mapping, sensitive_fields, validation_rules, schema_version) VALUES ('create_app', 'create_app', 'Creates a new app resource linked to a project', '{"type": "object", "$schema": "http://json-schema.org/draft-07/schema#", "required": ["name", "projectId"], "properties": {"name": {"type": "string"}, "config": {"type": "object", "properties": {"urls": {"type": "array", "items": {"type": "string"}}}}, "projectId": {"type": "string", "format": "uuid"}}, "additionalProperties": false}'::jsonb, '{"type": "object", "required": ["appResourceId"], "properties": {"appResourceId": {"type": "string"}}}'::jsonb, '{"name": "p_name", "config": "p_config", "projectId": "p_project_id"}'::jsonb, '{"app_resource_id": "appResourceId"}'::jsonb, ARRAY[]::text[], 'null'::jsonb, '1') ON CONFLICT (name) DO NOTHING;
INSERT INTO public.action_types (name, rpc_function, description, input_schema, output_schema, param_mapping, result_mapping, sensitive_fields, validation_rules, schema_version) VALUES ('create_credential', 'create_credential', 'Creates a new credential resource linked to a project', '{"type": "object", "$schema": "http://json-schema.org/draft-07/schema#", "required": ["name", "projectId", "dopplerProject"], "properties": {"name": {"type": "string"}, "config": {"type": "object"}, "projectId": {"type": "string", "format": "uuid"}, "dopplerProject": {"type": "string", "minLength": 1}}, "additionalProperties": false}'::jsonb, '{"type": "object", "required": ["credentialResourceId"], "properties": {"credentialResourceId": {"type": "string"}}}'::jsonb, '{"name": "p_name", "config": "p_config", "projectId": "p_project_id", "dopplerProject": "p_doppler_project"}'::jsonb, '{"credential_resource_id": "credentialResourceId"}'::jsonb, ARRAY[]::text[], 'null'::jsonb, '1') ON CONFLICT (name) DO NOTHING;
INSERT INTO public.action_types (name, rpc_function, description, input_schema, output_schema, param_mapping, result_mapping, sensitive_fields, validation_rules, schema_version) VALUES ('create_cron', 'create_cron', 'Creates a new cron resource linked to a skill for scheduled execution', '{"type": "object", "$schema": "http://json-schema.org/draft-07/schema#", "required": ["name", "projectId", "skillResourceId", "schedule", "enabled"], "properties": {"name": {"type": "string", "minLength": 1}, "prompt": {"type": "string"}, "enabled": {"type": "boolean"}, "schedule": {"type": "string"}, "dependsOn": {"type": "array", "items": {"type": "string"}}, "projectId": {"type": "string", "format": "uuid"}, "skillResourceId": {"type": "string", "format": "uuid"}}, "additionalProperties": false}'::jsonb, '{"type": "object", "required": ["cronResourceId"], "properties": {"cronResourceId": {"type": "string"}}}'::jsonb, '{"name": "p_name", "prompt": "p_prompt", "enabled": "p_enabled", "schedule": "p_schedule", "dependsOn": "p_depends_on", "projectId": "p_project_id", "skillResourceId": "p_skill_resource_id"}'::jsonb, '{"cron_resource_id": "cronResourceId"}'::jsonb, ARRAY[]::text[], 'null'::jsonb, '1') ON CONFLICT (name) DO NOTHING;
INSERT INTO public.action_types (name, rpc_function, description, input_schema, output_schema, param_mapping, result_mapping, sensitive_fields, validation_rules, schema_version) VALUES ('create_identity', 'create_identity', 'Creates a new identity resource (platform account/handle) linked to a project', '{"type": "object", "$schema": "http://json-schema.org/draft-07/schema#", "required": ["name", "projectId", "handle"], "properties": {"name": {"type": "string"}, "config": {"type": "object"}, "handle": {"type": "string", "minLength": 1}, "projectId": {"type": "string", "format": "uuid"}}, "additionalProperties": false}'::jsonb, '{"type": "object", "required": ["identityResourceId"], "properties": {"identityResourceId": {"type": "string"}}}'::jsonb, '{"name": "p_name", "config": "p_config", "handle": "p_handle", "projectId": "p_project_id"}'::jsonb, '{"identity_resource_id": "identityResourceId"}'::jsonb, ARRAY[]::text[], 'null'::jsonb, '1') ON CONFLICT (name) DO NOTHING;
INSERT INTO public.action_types (name, rpc_function, description, input_schema, output_schema, param_mapping, result_mapping, sensitive_fields, validation_rules, schema_version) VALUES ('create_project', 'create_project', 'Creates a new project resource, or returns the existing one if the name is already taken', '{"type": "object", "$schema": "http://json-schema.org/draft-07/schema#", "required": ["name"], "properties": {"name": {"type": "string", "minLength": 1}}, "additionalProperties": false}'::jsonb, '{"type": "object", "required": ["projectResourceId"], "properties": {"projectResourceId": {"type": "string"}}}'::jsonb, '{"name": "p_name"}'::jsonb, '{"project_resource_id": "projectResourceId"}'::jsonb, ARRAY[]::text[], '{"uniqueness": [{"error": "A project with this name already exists", "field": "name", "table": "resources", "where": {"type": "project"}, "input_field": "name", "on_conflict": "return_existing", "result_mapping": {"id": "projectResourceId"}}]}'::jsonb, '1') ON CONFLICT (name) DO NOTHING;
INSERT INTO public.action_types (name, rpc_function, description, input_schema, output_schema, param_mapping, result_mapping, sensitive_fields, validation_rules, schema_version) VALUES ('create_proxy', 'create_proxy', 'Creates a new proxy resource with property-system validation, linked to a project', '{"type": "object", "$schema": "http://json-schema.org/draft-07/schema#", "required": ["name", "projectId"], "properties": {"name": {"type": "string"}, "config": {"type": "object"}, "projectId": {"type": "string", "format": "uuid"}}, "additionalProperties": false}'::jsonb, '{"type": "object", "required": ["proxyResourceId"], "properties": {"proxyResourceId": {"type": "string"}}}'::jsonb, '{"name": "p_name", "config": "p_config", "projectId": "p_project_id"}'::jsonb, '{"proxy_resource_id": "proxyResourceId"}'::jsonb, ARRAY[]::text[], 'null'::jsonb, '1') ON CONFLICT (name) DO NOTHING;
INSERT INTO public.action_types (name, rpc_function, description, input_schema, output_schema, param_mapping, result_mapping, sensitive_fields, validation_rules, schema_version) VALUES ('create_server', 'create_server', 'Creates a new server resource linked to a project', '{"type": "object", "$schema": "http://json-schema.org/draft-07/schema#", "required": ["name", "projectId"], "properties": {"name": {"type": "string"}, "config": {"type": "object"}, "projectId": {"type": "string", "format": "uuid"}}, "additionalProperties": false}'::jsonb, '{"type": "object", "required": ["serverResourceId"], "properties": {"serverResourceId": {"type": "string"}}}'::jsonb, '{"name": "p_name", "config": "p_config", "projectId": "p_project_id"}'::jsonb, '{"server_resource_id": "serverResourceId"}'::jsonb, ARRAY[]::text[], 'null'::jsonb, '1') ON CONFLICT (name) DO NOTHING;
INSERT INTO public.action_types (name, rpc_function, description, input_schema, output_schema, param_mapping, result_mapping, sensitive_fields, validation_rules, schema_version) VALUES ('create_skill', 'create_skill', 'Creates a new skill resource with property-system validation, linked to a project', '{"type": "object", "$schema": "http://json-schema.org/draft-07/schema#", "required": ["name", "projectId"], "properties": {"name": {"type": "string"}, "config": {"type": "object"}, "projectId": {"type": "string", "format": "uuid"}}, "additionalProperties": false}'::jsonb, '{"type": "object", "required": ["skillResourceId"], "properties": {"skillResourceId": {"type": "string"}}}'::jsonb, '{"name": "p_name", "config": "p_config", "projectId": "p_project_id"}'::jsonb, '{"skill_resource_id": "skillResourceId"}'::jsonb, ARRAY[]::text[], 'null'::jsonb, '1') ON CONFLICT (name) DO NOTHING;
INSERT INTO public.action_types (name, rpc_function, description, input_schema, output_schema, param_mapping, result_mapping, sensitive_fields, validation_rules, schema_version) VALUES ('create_user', 'create_user', 'Create a user resource linked to a project, validating name and config schema', '{"type": "object", "required": ["p_name", "p_project_id"], "properties": {"p_name": {"type": "string"}, "p_config": {"type": "object"}, "p_project_id": {"type": "string", "format": "uuid"}}}'::jsonb, '{"type": "object", "properties": {"user_resource_id": {"type": "string", "format": "uuid"}}}'::jsonb, '{"p_name": "name", "p_config": "config", "p_project_id": "project_id"}'::jsonb, '{"user_resource_id": "id"}'::jsonb, ARRAY[]::text[], NULL, '1') ON CONFLICT (name) DO NOTHING;
INSERT INTO public.action_types (name, rpc_function, description, input_schema, output_schema, param_mapping, result_mapping, sensitive_fields, validation_rules, schema_version) VALUES ('delete_link', 'delete_link', 'Deletes a directed link between two resources; enforces min_count constraints', '{"type": "object", "$schema": "http://json-schema.org/draft-07/schema#", "required": ["fromId", "toId", "linkType"], "properties": {"toId": {"type": "string", "format": "uuid"}, "fromId": {"type": "string", "format": "uuid"}, "linkType": {"type": "string", "minLength": 1}}, "additionalProperties": false}'::jsonb, '{"type": "object", "required": ["deleted"], "properties": {"deleted": {"type": "boolean"}}}'::jsonb, '{"toId": "p_to_id", "fromId": "p_from_id", "linkType": "p_link_type"}'::jsonb, '{"deleted": "deleted"}'::jsonb, ARRAY[]::text[], 'null'::jsonb, '1') ON CONFLICT (name) DO NOTHING;
INSERT INTO public.action_types (name, rpc_function, description, input_schema, output_schema, param_mapping, result_mapping, sensitive_fields, validation_rules, schema_version) VALUES ('delete_resource', 'delete_resource', 'Deletes a resource and all its links; fails if the resource is locked', '{"type": "object", "$schema": "http://json-schema.org/draft-07/schema#", "required": ["resourceId"], "properties": {"resourceId": {"type": "string", "format": "uuid"}}, "additionalProperties": false}'::jsonb, '{"type": "object", "required": ["deletedLinks"], "properties": {"deletedLinks": {"type": "integer"}}}'::jsonb, '{"resourceId": "p_resource_id"}'::jsonb, '{"deleted_links": "deletedLinks"}'::jsonb, ARRAY[]::text[], 'null'::jsonb, '1') ON CONFLICT (name) DO NOTHING;
INSERT INTO public.action_types (name, rpc_function, description, input_schema, output_schema, param_mapping, result_mapping, sensitive_fields, validation_rules, schema_version) VALUES ('delete_user_credential', 'delete_user_credential', 'Delete a vault credential, clean up resources and links', '{"type": "object", "$schema": "http://json-schema.org/draft-07/schema#", "required": ["credentialResourceId"], "properties": {"credentialResourceId": {"type": "string", "format": "uuid"}}, "additionalProperties": false}'::jsonb, '{"type": "object", "$schema": "http://json-schema.org/draft-07/schema#", "required": ["deleted"], "properties": {"deleted": {"type": "boolean"}}}'::jsonb, '{"credentialResourceId": "p_credential_resource_id"}'::jsonb, '{"deleted": "deleted"}'::jsonb, ARRAY[]::text[], NULL, '1') ON CONFLICT (name) DO NOTHING;
INSERT INTO public.action_types (name, rpc_function, description, input_schema, output_schema, param_mapping, result_mapping, sensitive_fields, validation_rules, schema_version) VALUES ('deprovision_sandbox', 'deprovision_sandbox', 'Deprovisions a sandbox server resource and cleans up all linked resources', '{"type": "object", "$schema": "http://json-schema.org/draft-07/schema#", "required": ["serverResourceId"], "properties": {"serverResourceId": {"type": "string", "description": "UUID of the server resource to deprovision"}}, "additionalProperties": false}'::jsonb, '{"type": "object", "$schema": "http://json-schema.org/draft-07/schema#", "properties": {"deleted": {"type": "boolean"}, "serverName": {"type": "string"}}}'::jsonb, '{"serverResourceId": "p_server_resource_id"}'::jsonb, '{"deleted": "deleted", "server_name": "serverName"}'::jsonb, ARRAY[]::text[], NULL, '1') ON CONFLICT (name) DO NOTHING;
INSERT INTO public.action_types (name, rpc_function, description, input_schema, output_schema, param_mapping, result_mapping, sensitive_fields, validation_rules, schema_version) VALUES ('fail_process', 'fail_process', 'Marks a process as failed and updates its updated_at timestamp', '{"type": "object", "$schema": "http://json-schema.org/draft-07/schema#", "required": ["processId"], "properties": {"reason": {"type": "string"}, "processId": {"type": "string", "format": "uuid"}}, "additionalProperties": false}'::jsonb, '{"type": "object", "required": ["processId"], "properties": {"processId": {"type": "string"}}}'::jsonb, '{"reason": "p_reason", "processId": "p_process_id"}'::jsonb, '{"process_id": "processId"}'::jsonb, ARRAY[]::text[], 'null'::jsonb, '1') ON CONFLICT (name) DO NOTHING;
INSERT INTO public.action_types (name, rpc_function, description, input_schema, output_schema, param_mapping, result_mapping, sensitive_fields, validation_rules, schema_version) VALUES ('fetch_skill_content', 'fetch_skill_content', 'Retrieves config.content from a skill resource by its UUID', '{"type": "object", "$schema": "http://json-schema.org/draft-07/schema#", "required": ["skillResourceId"], "properties": {"skillResourceId": {"type": "string", "format": "uuid"}}, "additionalProperties": false}'::jsonb, '{"type": "object", "required": ["content"], "properties": {"content": {"type": "string"}}}'::jsonb, '{"skillResourceId": "p_skill_resource_id"}'::jsonb, '{"content": "content"}'::jsonb, ARRAY[]::text[], 'null'::jsonb, '1') ON CONFLICT (name) DO NOTHING;
INSERT INTO public.action_types (name, rpc_function, description, input_schema, output_schema, param_mapping, result_mapping, sensitive_fields, validation_rules, schema_version) VALUES ('init_process', 'init_process', 'Creates a new process row in pending status and writes an audit action_event entry', '{"type": "object", "$schema": "http://json-schema.org/draft-07/schema#", "required": ["name"], "properties": {"name": {"type": "string", "minLength": 1}, "branch": {"type": "string"}, "runType": {"type": "string"}, "projectId": {"type": "string", "format": "uuid"}, "worktreePath": {"type": "string"}, "parentProcessId": {"type": "string", "format": "uuid"}, "skillResourceId": {"type": "string", "format": "uuid"}}, "additionalProperties": false}'::jsonb, '{"type": "object", "required": ["processId"], "properties": {"processId": {"type": "string"}}}'::jsonb, '{"name": "p_name", "branch": "p_branch", "runType": "p_run_type", "projectId": "p_project_id", "worktreePath": "p_worktree_path", "parentProcessId": "p_parent_process_id", "skillResourceId": "p_skill_resource_id"}'::jsonb, '{"process_id": "processId"}'::jsonb, ARRAY[]::text[], 'null'::jsonb, '1') ON CONFLICT (name) DO NOTHING;
INSERT INTO public.action_types (name, rpc_function, description, input_schema, output_schema, param_mapping, result_mapping, sensitive_fields, validation_rules, schema_version) VALUES ('provision_sandbox', 'provision_sandbox', 'Provisions a new sandbox server resource with idempotent ON CONFLICT handling', '{"type": "object", "$schema": "http://json-schema.org/draft-07/schema#", "required": ["userResourceId", "serverName", "sshKeyName", "publicKey"], "properties": {"publicKey": {"type": "string"}, "serverName": {"type": "string"}, "sshKeyName": {"type": "string"}, "userResourceId": {"type": "string", "description": "UUID of the user resource"}}, "additionalProperties": false}'::jsonb, '{"type": "object", "$schema": "http://json-schema.org/draft-07/schema#", "required": ["serverResourceId", "credentialResourceId", "isNew"], "properties": {"isNew": {"type": "boolean"}, "serverResourceId": {"type": "string"}, "credentialResourceId": {"type": "string"}}}'::jsonb, '{"publicKey": "p_public_key", "serverName": "p_server_name", "sshKeyName": "p_ssh_key_name", "userResourceId": "p_user_resource_id"}'::jsonb, '{"is_new": "isNew", "server_resource_id": "serverResourceId", "credential_resource_id": "credentialResourceId"}'::jsonb, ARRAY[]::text[], NULL, '1') ON CONFLICT (name) DO NOTHING;
INSERT INTO public.action_types (name, rpc_function, description, input_schema, output_schema, param_mapping, result_mapping, sensitive_fields, validation_rules, schema_version) VALUES ('provision_user', 'provision_user', 'Provisions a new user resource and default project in the ontology', '{"type": "object", "$schema": "http://json-schema.org/draft-07/schema#", "required": ["authUserId", "email"], "properties": {"email": {"type": "string", "format": "email"}, "authUserId": {"type": "string", "description": "UUID of the auth user"}}, "additionalProperties": false}'::jsonb, '{"type": "object", "$schema": "http://json-schema.org/draft-07/schema#", "required": ["userResourceId", "projectResourceId"], "properties": {"userResourceId": {"type": "string"}, "projectResourceId": {"type": "string"}}}'::jsonb, '{"email": "p_email", "authUserId": "p_auth_user_id"}'::jsonb, '{"user_resource_id": "userResourceId", "project_resource_id": "projectResourceId"}'::jsonb, ARRAY[]::text[], NULL, '1') ON CONFLICT (name) DO NOTHING;
INSERT INTO public.action_types (name, rpc_function, description, input_schema, output_schema, param_mapping, result_mapping, sensitive_fields, validation_rules, schema_version) VALUES ('redeem_access_code', 'redeem_access_code', 'Redeems an active access code: flips status to used, links user via redeemed_by. Fails if code is invalid or already used.', '{"type": "object", "$schema": "http://json-schema.org/draft-07/schema#", "required": ["code", "userId"], "properties": {"code": {"type": "string", "minLength": 1}, "userId": {"type": "string", "format": "uuid"}}, "additionalProperties": false}'::jsonb, '{"type": "object", "required": ["accessCodeId", "redeemed"], "properties": {"redeemed": {"type": "boolean"}, "accessCodeId": {"type": "string"}}}'::jsonb, '{"code": "p_code", "userId": "p_user_id"}'::jsonb, '{"redeemed": "redeemed", "access_code_id": "accessCodeId"}'::jsonb, ARRAY[]::text[], 'null'::jsonb, '1') ON CONFLICT (name) DO NOTHING;
INSERT INTO public.action_types (name, rpc_function, description, input_schema, output_schema, param_mapping, result_mapping, sensitive_fields, validation_rules, schema_version) VALUES ('remove_github_installation', 'remove_github_installation', 'Disconnects GitHub App by removing the resource_links row and credential resource. Does not revoke installation on GitHub.', '{"type": "object", "$schema": "http://json-schema.org/draft-07/schema#", "required": ["userResourceId"], "properties": {"userResourceId": {"type": "string", "format": "uuid", "description": "UUID of the user resource"}}, "additionalProperties": false}'::jsonb, '{"type": "object", "properties": {}}'::jsonb, '{"userResourceId": "p_user_resource_id"}'::jsonb, '{}'::jsonb, ARRAY[]::text[], NULL, '1') ON CONFLICT (name) DO NOTHING;
INSERT INTO public.action_types (name, rpc_function, description, input_schema, output_schema, param_mapping, result_mapping, sensitive_fields, validation_rules, schema_version) VALUES ('remove_user_repo', 'remove_user_repo', 'Removes a repository from the user config repos array', '{"type": "object", "$schema": "http://json-schema.org/draft-07/schema#", "required": ["userResourceId", "owner", "name"], "properties": {"name": {"type": "string", "description": "Repository name"}, "owner": {"type": "string", "description": "Repository owner"}, "userResourceId": {"type": "string", "format": "uuid", "description": "UUID of the user resource"}}, "additionalProperties": false}'::jsonb, '{"type": "object", "properties": {"userResourceId": {"type": "string", "format": "uuid"}}}'::jsonb, '{"name": "p_name", "owner": "p_owner", "userResourceId": "p_user_resource_id"}'::jsonb, '{"user_resource_id": "userResourceId"}'::jsonb, ARRAY[]::text[], NULL, '1') ON CONFLICT (name) DO NOTHING;
INSERT INTO public.action_types (name, rpc_function, description, input_schema, output_schema, param_mapping, result_mapping, sensitive_fields, validation_rules, schema_version) VALUES ('rename_project', 'rename_project', 'Renames an existing project resource; fails if the new name is already in use by another project', '{"type": "object", "$schema": "http://json-schema.org/draft-07/schema#", "required": ["projectResourceId", "newName"], "properties": {"newName": {"type": "string", "minLength": 1}, "projectResourceId": {"type": "string"}}, "additionalProperties": false}'::jsonb, '{"type": "object", "required": ["projectResourceId"], "properties": {"projectResourceId": {"type": "string"}}}'::jsonb, '{"newName": "p_new_name", "projectResourceId": "p_project_resource_id"}'::jsonb, '{"project_resource_id": "projectResourceId"}'::jsonb, ARRAY[]::text[], '{"uniqueness": [{"error": "A project with this name already exists", "field": "name", "table": "resources", "where": {"type": "project"}, "input_field": "newName", "on_conflict": "error"}]}'::jsonb, '1') ON CONFLICT (name) DO NOTHING;
INSERT INTO public.action_types (name, rpc_function, description, input_schema, output_schema, param_mapping, result_mapping, sensitive_fields, validation_rules, schema_version) VALUES ('rename_resource', 'rename_resource', 'Renames any resource by UUID. Rejects user and access-code types. Validates name against ^[a-zA-Z0-9/_-]{1,128}$.', '{"type": "object", "$schema": "http://json-schema.org/draft-07/schema#", "required": ["resourceId", "newName"], "properties": {"newName": {"type": "string", "pattern": "^[a-zA-Z0-9/_-]{1,128}$"}, "resourceId": {"type": "string", "format": "uuid"}}, "additionalProperties": false}'::jsonb, '{"type": "object", "required": ["resourceId", "oldName"], "properties": {"oldName": {"type": "string"}, "resourceId": {"type": "string"}}}'::jsonb, '{"newName": "p_new_name", "resourceId": "p_resource_id"}'::jsonb, '{"old_name": "oldName", "resource_id": "resourceId"}'::jsonb, ARRAY[]::text[], 'null'::jsonb, '1') ON CONFLICT (name) DO NOTHING;
INSERT INTO public.action_types (name, rpc_function, description, input_schema, output_schema, param_mapping, result_mapping, sensitive_fields, validation_rules, schema_version) VALUES ('store_github_installation', 'store_github_installation', 'Creates a credential resource for a GitHub App installation and links it to the user', '{"type": "object", "$schema": "http://json-schema.org/draft-07/schema#", "required": ["userResourceId", "installationId"], "properties": {"token": {"type": "string", "description": "Optional GitHub access token to vault"}, "provider": {"type": "string", "description": "Provider name (default: github)"}, "sandboxName": {"type": "string", "description": "Sandbox name for scoping"}, "installationId": {"type": "string", "description": "GitHub App installation ID"}, "userResourceId": {"type": "string", "format": "uuid", "description": "UUID of the user resource"}}, "additionalProperties": false}'::jsonb, '{"type": "object", "properties": {"credentialResourceId": {"type": "string", "format": "uuid"}}}'::jsonb, '{"token": "p_token", "provider": "p_provider", "sandboxName": "p_sandbox_name", "installationId": "p_installation_id", "userResourceId": "p_user_resource_id"}'::jsonb, '{"credential_resource_id": "credentialResourceId"}'::jsonb, ARRAY[]::text[], NULL, '1') ON CONFLICT (name) DO NOTHING;
INSERT INTO public.action_types (name, rpc_function, description, input_schema, output_schema, param_mapping, result_mapping, sensitive_fields, validation_rules, schema_version) VALUES ('store_user_credential', 'store_user_credential', 'Encrypt and store a provider credential in Vault with auth.uid() ownership check', '{"type": "object", "$schema": "http://json-schema.org/draft-07/schema#", "required": ["userResourceId", "sandboxName", "provider", "credentialValue"], "properties": {"provider": {"type": "string"}, "sandboxName": {"type": "string"}, "userResourceId": {"type": "string", "format": "uuid"}, "credentialValue": {"type": "string"}}, "additionalProperties": false}'::jsonb, '{"type": "object", "$schema": "http://json-schema.org/draft-07/schema#", "required": ["credentialResourceId", "vaultSecretId"], "properties": {"vaultSecretId": {"type": "string", "format": "uuid"}, "credentialResourceId": {"type": "string", "format": "uuid"}}}'::jsonb, '{"provider": "p_provider", "sandboxName": "p_sandbox_name", "userResourceId": "p_user_resource_id", "credentialValue": "p_credential_value"}'::jsonb, '{"vault_secret_id": "vaultSecretId", "credential_resource_id": "credentialResourceId"}'::jsonb, ARRAY['credentialValue']::text[], NULL, '1') ON CONFLICT (name) DO NOTHING;
INSERT INTO public.action_types (name, rpc_function, description, input_schema, output_schema, param_mapping, result_mapping, sensitive_fields, validation_rules, schema_version) VALUES ('update_cron_schedule', 'update_cron_schedule', 'Updates schedule, enabled state, or prompt for an existing cron resource', '{"type": "object", "$schema": "http://json-schema.org/draft-07/schema#", "required": ["resourceId"], "properties": {"prompt": {"type": "string"}, "enabled": {"type": "boolean"}, "schedule": {"type": "string"}, "resourceId": {"type": "string", "format": "uuid"}}, "additionalProperties": false}'::jsonb, '{"type": "object", "required": ["resourceId"], "properties": {"resourceId": {"type": "string"}}}'::jsonb, '{"prompt": "p_prompt", "enabled": "p_enabled", "schedule": "p_schedule", "resourceId": "p_resource_id"}'::jsonb, '{"resource_id": "resourceId"}'::jsonb, ARRAY[]::text[], 'null'::jsonb, '1') ON CONFLICT (name) DO NOTHING;
INSERT INTO public.action_types (name, rpc_function, description, input_schema, output_schema, param_mapping, result_mapping, sensitive_fields, validation_rules, schema_version) VALUES ('update_resource_status', 'update_resource_status', 'Updates a resource status with optional optimistic concurrency check via expectedStatus', '{"type": "object", "$schema": "http://json-schema.org/draft-07/schema#", "required": ["resourceId", "newStatus"], "properties": {"newStatus": {"enum": ["active", "inactive", "banned", "expired", "error", "used"], "type": "string"}, "resourceId": {"type": "string", "format": "uuid"}, "expectedStatus": {"enum": ["active", "inactive", "banned", "expired", "error", "used"], "type": "string"}}, "additionalProperties": false}'::jsonb, '{"type": "object", "required": ["resourceId", "oldStatus"], "properties": {"oldStatus": {"type": "string"}, "resourceId": {"type": "string"}}}'::jsonb, '{"newStatus": "p_new_status", "resourceId": "p_resource_id", "expectedStatus": "p_expected_status"}'::jsonb, '{"old_status": "oldStatus", "resource_id": "resourceId"}'::jsonb, ARRAY[]::text[], 'null'::jsonb, '1') ON CONFLICT (name) DO NOTHING;
INSERT INTO public.action_types (name, rpc_function, description, input_schema, output_schema, param_mapping, result_mapping, sensitive_fields, validation_rules, schema_version) VALUES ('update_sandbox_status', 'update_sandbox_status', 'Updates sandbox server status with IP, hetzner server ID, and provisioned timestamp', '{"type": "object", "$schema": "http://json-schema.org/draft-07/schema#", "required": ["serverResourceId", "status", "ip", "hetznerServerId", "provisionedAt"], "properties": {"ip": {"type": "string"}, "status": {"type": "string"}, "provisionedAt": {"type": "string", "format": "date-time"}, "hetznerServerId": {"type": "string"}, "serverResourceId": {"type": "string", "description": "UUID of the server resource"}}, "additionalProperties": false}'::jsonb, '{"type": "object", "$schema": "http://json-schema.org/draft-07/schema#", "properties": {}}'::jsonb, '{"ip": "p_ip", "status": "p_status", "provisionedAt": "p_provisioned_at", "hetznerServerId": "p_hetzner_server_id", "serverResourceId": "p_server_resource_id"}'::jsonb, '{}'::jsonb, ARRAY[]::text[], NULL, '1') ON CONFLICT (name) DO NOTHING;
INSERT INTO public.action_types (name, rpc_function, description, input_schema, output_schema, param_mapping, result_mapping, sensitive_fields, validation_rules, schema_version) VALUES ('update_skill_config', 'update_skill_config', 'Merges the provided config into an existing skill resource config, with formula XOR metric validation on the merged result', '{"type": "object", "$schema": "http://json-schema.org/draft-07/schema#", "required": ["resourceId", "config"], "properties": {"config": {"type": "object"}, "resourceId": {"type": "string", "format": "uuid"}}, "additionalProperties": false}'::jsonb, '{"type": "object", "required": ["resourceId"], "properties": {"resourceId": {"type": "string"}}}'::jsonb, '{"config": "p_config", "resourceId": "p_resource_id"}'::jsonb, '{"resource_id": "resourceId"}'::jsonb, ARRAY[]::text[], 'null'::jsonb, '1') ON CONFLICT (name) DO NOTHING;
INSERT INTO public.action_types (name, rpc_function, description, input_schema, output_schema, param_mapping, result_mapping, sensitive_fields, validation_rules, schema_version) VALUES ('update_skill_content', 'update_skill_content', 'Updates the content field within a skill resource config; validates length and prohibited path patterns', '{"type": "object", "$schema": "http://json-schema.org/draft-07/schema#", "required": ["resourceId", "content"], "properties": {"content": {"type": "string", "minLength": 101}, "resourceId": {"type": "string", "format": "uuid"}}, "additionalProperties": false}'::jsonb, '{"type": "object", "required": ["resourceId"], "properties": {"resourceId": {"type": "string"}}}'::jsonb, '{"content": "p_content", "resourceId": "p_resource_id"}'::jsonb, '{"resource_id": "resourceId"}'::jsonb, ARRAY[]::text[], 'null'::jsonb, '1') ON CONFLICT (name) DO NOTHING;
INSERT INTO public.action_types (name, rpc_function, description, input_schema, output_schema, param_mapping, result_mapping, sensitive_fields, validation_rules, schema_version) VALUES ('upload_skill', 'upload_skill', 'Uploads a skill goal as a resource to the ontology and returns its resource ID', '{"type": "object", "$schema": "http://json-schema.org/draft-07/schema#", "required": ["content", "actorId"], "properties": {"actorId": {"type": "string", "format": "uuid"}, "content": {"type": "string"}}, "additionalProperties": false}'::jsonb, '{"type": "object", "$schema": "http://json-schema.org/draft-07/schema#", "required": ["resourceId"], "properties": {"resourceId": {"type": "string"}}}'::jsonb, '{"actorId": "p_actor_id", "content": "p_content"}'::jsonb, '{"resource_id": "resourceId"}'::jsonb, ARRAY[]::text[], NULL, '1') ON CONFLICT (name) DO NOTHING;
